id,Links,numbers
link1,https://youtu.be/CWYv7xlKydw,5
link111,https://youtu.be/uMKE_julLAY,5
link112,https://youtu.be/7OWWk1F4_Yw,5
link113,https://youtu.be/3yFGLIb5M8M,5
link114,https://youtu.be/plREmdqJpDY,5
link115,https://youtu.be/LaRgep8-b_w,5
link116,https://youtu.be/-dyirBgg6xw,5
link117,https://youtu.be/0x2nDLxzZiI,5
link118,https://youtu.be/FhobuWZre6g,5
link119,https://youtu.be/sLYazynm_1M,5
link120,https://youtu.be/3qUkTyPlTAQ,5
link121,https://youtu.be/lr-aV1qCggs,5
link122,https://youtu.be/waJH2ltaMmA,5
link123,https://youtu.be/speVEHADwlc,5
link124,https://youtu.be/PTpoj4f25dk,5
link125,https://youtu.be/fKpw9uGIy40,5
link126,https://youtu.be/aP3FahmEp6U,5
link128,https://youtu.be/Isp4L0JeF2o,5
link129,https://youtu.be/KnjYIRiRf6k,5
link2,https://youtu.be/sO1ctUNQ1k8,5
link3,https://youtu.be/B6LNvy7Wdp4,5
link31,https://youtu.be/hGyJTcdfR1E,5
link32,https://youtu.be/cUoohARM8us,5
link33,https://youtu.be/Swvui2mi_iU,5
link34,https://youtu.be/Y_XM3Bu-4yc,5
link35,https://youtu.be/wX75Z-4MEoM,5
link36,https://youtu.be/jma9hFQSCDk,5
link38,https://youtu.be/WUODHf0IT5U,5
link39,https://youtu.be/ZzXGSFVbVvU,5
link40,https://youtu.be/db1u06fojyc,5
link41,https://youtu.be/LkVorQ0EAU8,5
link85,https://youtu.be/du4DDUcC2gw,5
link86,https://youtu.be/6NPTslF68Q0,5
link87,https://youtu.be/TpL4vT8pyoY,5
link88,https://youtu.be/TKRaos1T_as,5
link89,https://youtu.be/KfetEOtv9qI,5
link90,https://youtu.be/ZfJKBpVzrO0,5
link91,https://youtu.be/6-66D9J5PkY,5
link92,https://youtu.be/frwEQKILYcY,5
link93,https://youtu.be/WK14B3F-j-s,5
link94,https://youtu.be/rdDwwlyB_3U,5
link95,https://youtu.be/ytMYHvHrs_s,5
link96,https://youtu.be/4zHnoqd5vVc,5